<?xml version="1.0" encoding="utf-8"?>
<layer-list xmlns:android="http://schemas.android.com/apk/res/android">
    <shape>
        <solid android:color = "#00ffff"/>

    </shape>
    <item android:bottom="3dp" android:right="3dp">
        <shape>
            <solid android:color="@android:color/white"/>

            <padding android:bottom="10dp"
                android:left="10dp"
                android:right="10dp"
                android:top="10dp"/>
        </shape>
    </item>
</layer-list>